<configurationDescriptor version="62">
  <logicalFolder name="root" displayName="root" projectFiles="true">
    <logicalFolder name="HeaderFiles" displayName="Header Files" projectFiles="true" />
    <logicalFolder name="LinkerScript" displayName="Linker Files" projectFiles="true" />
    <logicalFolder name="SourceFiles" displayName="Source Files" projectFiles="true">
      <itemPath>main.c</itemPath>
    </logicalFolder>
    <logicalFolder name="ExternalFiles" displayName="Important Files" projectFiles="false">
      <itemPath>Makefile</itemPath>
    </logicalFolder>
  </logicalFolder>
  <sourceRootList></sourceRootList>
  <projectmakefile>Makefile</projectmakefile>
  <confs>
    <conf name="free" type="2">
      <toolsSet>
        <developmentServer>localhost</developmentServer>
        <targetDevice>PIC12F1822</targetDevice>
        <targetHeader></targetHeader>
        <targetPluginBoard></targetPluginBoard>
        <platformTool>Simulator</platformTool>
        <languageToolchain>XC8</languageToolchain>
        <languageToolchainVersion>2.00</languageToolchainVersion>
        <platform>3</platform>
      </toolsSet>
      <HI-TECH-COMP>
        <property key="operation-mode" value="free" />
        <property key="verbose" value="false" />
        <property key="warning-level" value="0" />
        <property key="optimization-speed" value="false" />
        <property key="optimization-debug" value="false" />
      </HI-TECH-COMP>
      <XC8-config-global>
        <property key="advanced-elf" value="true" />
        <property key="output-file-format" value="-mcof,+elf" />
        <property key="stack-size-high" value="auto" />
        <property key="stack-size-low" value="auto" />
        <property key="stack-size-main" value="auto" />
        <property key="stack-type" value="compiled" />
      </XC8-config-global>
      <C32>
        <property key="generate-16-bit-code" value="false" />
        <property key="generate-micro-compressed-code" value="false" />
      </C32>
      <C32-AS>
        <property key="generate-16-bit-code" value="false" />
        <property key="generate-micro-compressed-code" value="false" />
      </C32-AS>
      <C32-LD>
        <property key="generate-16-bit-code" value="false" />
        <property key="generate-micro-compressed-code" value="false" />
      </C32-LD>
      <C32CPP>
        <property key="generate-16-bit-code" value="false" />
        <property key="generate-micro-compressed-code" value="false" />
      </C32CPP>
      <PKOBSKDEPlatformTool>
        <property key="programoptions.uselvpprogramming" value="true" />
      </PKOBSKDEPlatformTool>
      <makeCustomizationType>
        <makeCustomizationPutChecksumInUserID>false</makeCustomizationPutChecksumInUserID>
      </makeCustomizationType>
      <HI-TECH-LINK>
        <property key="data-model-size-of-double-float" value="24 bit" />
        <property key="code-model-rom" value="" />
        <property key="additional-options-code-offset" value="" />
      </HI-TECH-LINK>
    </conf>
    <conf name="pro" type="2">
      <toolsSet>
        <developmentServer>localhost</developmentServer>
        <targetDevice>PIC12F1822</targetDevice>
        <targetHeader></targetHeader>
        <targetPluginBoard></targetPluginBoard>
        <platformTool>Simulator</platformTool>
        <languageToolchain>XC8</languageToolchain>
        <languageToolchainVersion>2.00</languageToolchainVersion>
        <platform>3</platform>
      </toolsSet>
      <HI-TECH-COMP>
        <property key="operation-mode" value="pro" />
        <property key="verbose" value="false" />
        <property key="warning-level" value="0" />
        <property key="optimization-speed" value="false" />
        <property key="optimization-debug" value="false" />
      </HI-TECH-COMP>
      <XC8-config-global>
        <property key="advanced-elf" value="true" />
        <property key="output-file-format" value="-mcof,+elf" />
        <property key="stack-size-high" value="auto" />
        <property key="stack-size-low" value="auto" />
        <property key="stack-size-main" value="auto" />
        <property key="stack-type" value="compiled" />
      </XC8-config-global>
      <C32>
        <property key="generate-16-bit-code" value="false" />
        <property key="generate-micro-compressed-code" value="false" />
      </C32>
      <C32-AS>
        <property key="generate-16-bit-code" value="false" />
        <property key="generate-micro-compressed-code" value="false" />
      </C32-AS>
      <C32-LD>
        <property key="generate-16-bit-code" value="false" />
        <property key="generate-micro-compressed-code" value="false" />
      </C32-LD>
      <C32CPP>
        <property key="generate-16-bit-code" value="false" />
        <property key="generate-micro-compressed-code" value="false" />
      </C32CPP>
      <PKOBSKDEPlatformTool>
        <property key="programoptions.uselvpprogramming" value="true" />
      </PKOBSKDEPlatformTool>
      <makeCustomizationType>
        <makeCustomizationPutChecksumInUserID>false</makeCustomizationPutChecksumInUserID>
      </makeCustomizationType>
      <HI-TECH-LINK>
        <property key="data-model-size-of-double-float" value="24 bit" />
        <property key="code-model-rom" value="" />
        <property key="additional-options-code-offset" value="" />
      </HI-TECH-LINK>
    </conf>
  </confs>
</configurationDescriptor>