<project xmlns="http://www.netbeans.org/ns/project/1">
  <type>com.microchip.mplab.nbide.embedded.makeproject</type>
  <configuration>
    <data xmlns="http://www.netbeans.org/ns/make-project/1">
      <name>z8002crgen</name>
      <creation-uuid>bccd6786-a8f4-44de-a4a8-b4d1f1bd08cb</creation-uuid>
      <make-project-type>0</make-project-type>
      <c-extensions>c</c-extensions>
      <cpp-extensions />
      <header-extensions>h</header-extensions>
      <asminc-extensions />
      <sourceEncoding>ISO-8859-1</sourceEncoding>
      <make-dep-projects />
    </data>
  </configuration>
</project>